0.0,0.0,0.35,1557485976778
0.0,0.0,0.35,1557485976912
0.0,0.0,0.35,1557485977323
0.0,0.0,0.35,1557485977456
0.0,0.0,0.35,1557485977460
0.0,0.0,0.35,1557485977594
0.0,0.0,0.35,1557485977625
0.0,0.0,0.35,1557485977727
0.0,0.0,0.35,1557485977733
0.0,0.0,0.35,1557485977909
0.0,0.0,0.35,1557485977911
0.0,0.0,0.35,1557485977938
0.0,0.0,0.35,1557485978090
0.0,0.0,0.35,1557485978091
0.0,0.0,0.35,1557485978225
0.0,0.0,0.35,1557485978908
0.0,0.0,0.35,1557485978909
0.0,0.0,0.35,1557485979090
0.0,0.0,0.35,1557485979091
0.0,0.0,0.35,1557485979104
0.0,0.0,0.35,1557485979281
0.0,0.0,0.35,1557485979282
0.0,0.0,0.35,1557485979306
0.0,0.0,0.35,1557485979373
0.0,0.0,0.35,1557485979443
0.0,0.0,0.35,1557485979510
0.0,0.0,0.35,1557485979851
0.0,0.0,0.35,1557485980056
0.0,0.0,0.35,1557485980125
0.0,0.0,0.35,1557485980194
0.0,0.0,0.35,1557485980261
0.0,0.0,0.35,1557485980330
0.0,0.0,0.35,1557485980466
0.0,0.0,0.35,1557485980535
0.0,0.0,0.35,1557485980603
0.0,0.0,0.35,1557485980671
0.0,0.0,0.35,1557485980740
0.0,0.0,0.35,1557485981081
0.0,0.0,0.35,1557485981150
0.0,0.0,0.35,1557485981220
0.0,0.0,0.35,1557485981356
0.0,0.0,0.35,1557485981424
0.0,0.0,0.35,1557485981492
0.0,0.0,0.35,1557485981560
0.0,0.0,0.35,1557485981628
0.0,0.0,0.35,1557485981774
0.0,0.0,0.35,1557485981776
0.0,0.0,0.35,1557485981833
0.0,0.0,0.35,1557485981901
0.0,0.0,0.35,1557485981972
0.0,0.0,0.35,1557485982108
0.0,0.0,0.35,1557485982174
0.0,0.0,0.35,1557485982244
0.0,0.0,0.38,1557485982315
0.0,0.0,0.38,1557485982450
0.0,0.0,0.38,1557485982521
0.0,0.0,0.38,1557485982586
0.0,0.0,0.38,1557485982654
0.0,0.0,0.38,1557485982724
0.0,0.0,0.38,1557485982793
0.0,0.0,0.38,1557485982996
0.0,0.0,0.38,1557485983063
0.0,0.0,0.38,1557485983140
0.0,0.0,0.38,1557485983270
0.0,0.0,0.38,1557485983338
0.0,0.0,0.38,1557485983406
0.0,0.0,0.38,1557485983475
0.0,0.0,0.38,1557485983611
0.0,0.0,0.38,1557485983679
0.0,0.0,0.38,1557485983750
0.0,0.0,0.38,1557485983816
0.0,0.0,0.38,1557485983884
0.0,0.0,0.38,1557485983953
0.0,0.0,0.38,1557485984020
0.0,0.0,0.38,1557485984093
0.0,0.0,0.38,1557485984161
0.0,0.0,0.38,1557485984226
0.0,0.0,0.38,1557485984296
0.0,0.0,0.38,1557485984364
0.0,0.0,0.38,1557485984434
0.0,0.0,0.38,1557485984500
0.0,0.0,0.38,1557485984568
0.0,0.0,0.41,1557485984637
0.0,0.0,0.41,1557485984705
0.0,0.0,0.41,1557485984775
0.0,0.0,0.41,1557485984841
0.0,0.0,0.41,1557485984910
0.0,0.0,0.41,1557485984978
0.0,0.0,0.41,1557485985046
0.0,0.0,0.41,1557485985116
0.0,0.0,0.41,1557485985183
0.0,0.0,0.41,1557485985321
0.0,0.0,0.41,1557485985390
0.0,0.0,0.41,1557485985457
0.0,0.0,0.41,1557485985601
0.0,0.0,0.41,1557485985662
0.0,0.0,0.41,1557485985731
0.0,0.0,0.41,1557485985798
0.0,0.0,0.41,1557485985869
0.0,0.0,0.41,1557485986003
0.0,0.0,0.41,1557485986071
0.0,0.0,0.43,1557485986141
0.0,0.0,0.43,1557485986208
0.0,0.0,0.43,1557485986278
0.0,0.0,0.43,1557485986347
0.0,0.0,0.43,1557485986415
0.0,0.0,0.43,1557485986486
0.0,0.0,0.43,1557485986551
0.0,0.0,0.43,1557485986621
0.0,0.0,0.43,1557485986731
0.0,0.0,0.43,1557485986756
0.0,0.0,0.43,1557485986894
0.0,0.0,0.43,1557485986898
0.0,0.0,0.43,1557485986961
0.0,0.0,0.41,1557485987100
0.0,0.0,0.41,1557485987166
0.0,0.0,0.43,1557485987235
0.0,0.0,0.43,1557485987304
0.0,0.0,0.43,1557485987374
0.0,0.0,0.43,1557485987509
0.0,0.0,0.43,1557485987577
0.0,0.0,0.43,1557485987645
0.0,0.0,0.43,1557485987713
0.0,0.0,0.43,1557485987782
0.0,0.0,0.43,1557485987850
0.0,0.0,0.41,1557485987986
0.0,0.0,0.41,1557485988055
0.0,0.0,0.41,1557485988123
0.0,0.0,0.41,1557485988193
0.0,0.0,0.41,1557485988261
0.0,0.0,0.41,1557485988330
0.0,0.0,0.41,1557485988400
0.0,0.0,0.43,1557485988465
0.0,0.0,0.43,1557485988535
0.0,0.0,0.43,1557485988602
0.0,0.0,0.43,1557485988670
0.0,0.0,0.43,1557485988738
0.0,0.0,0.43,1557485988875
0.0,0.0,0.43,1557485988945
0.0,0.0,0.43,1557485989011
0.0,0.0,0.43,1557485989080
0.0,0.0,0.43,1557485989148
0.0,0.0,0.43,1557485989217
0.0,0.0,0.43,1557485989286
0.0,0.0,0.43,1557485989354
0.0,0.0,0.43,1557485989423
0.0,0.0,0.43,1557485989491
0.0,0.0,0.43,1557485989560
0.0,0.0,0.43,1557485989629
0.0,0.0,0.43,1557485989696
0.0,0.0,0.43,1557485989764
0.0,0.0,0.46,1557485989832
0.0,0.0,0.46,1557485989902
0.0,0.0,0.46,1557485989968
0.0,0.0,0.46,1557485990038
0.0,0.0,0.46,1557485990174
0.0,0.0,0.46,1557485990243
0.0,0.0,0.46,1557485990312
0.0,0.0,0.46,1557485990383
0.0,0.0,0.46,1557485990448
0.0,0.0,0.46,1557485990516
0.0,0.0,0.46,1557485990585
0.0,0.0,0.46,1557485990669
0.0,0.0,0.46,1557485990721
0.0,0.0,0.46,1557485990789
0.0,0.0,0.46,1557485990858
0.0,0.0,0.46,1557485990926
0.0,0.0,0.46,1557485990994
0.0,0.0,0.46,1557485991064
0.0,0.0,0.46,1557485991131
0.0,0.0,0.46,1557485991199
0.0,0.0,0.49,1557485991268
0.0,0.0,0.49,1557485991337
0.0,0.0,0.49,1557485991405
0.0,0.0,0.49,1557485991474
0.0,0.0,0.49,1557485991542
0.0,0.0,0.49,1557485991611
0.0,0.0,0.49,1557485991731
0.0,0.0,0.49,1557485991749
0.0,0.0,0.49,1557485992017
0.0,0.0,0.49,1557485992020
0.0,0.0,0.49,1557485992156
0.0,0.0,0.49,1557485992277
0.0,0.0,0.46,1557485992294
0.0,0.0,0.46,1557485992363
0.0,0.0,0.46,1557485992499
0.0,0.0,0.46,1557485992567
0.0,0.0,0.46,1557485992704
0.0,0.0,0.46,1557485992777
0.0,0.0,0.46,1557485992841
0.0,0.0,0.46,1557485993182
0.0,0.0,0.46,1557485993251
0.0,0.0,0.46,1557485993320
0.0,0.0,0.46,1557485993457
0.0,0.0,0.46,1557485993524
0.0,0.0,0.46,1557485993593
0.0,0.0,0.46,1557485993661
0.0,0.0,0.46,1557485993734
0.0,0.0,0.46,1557485993800
0.0,0.0,0.46,1557485993934
0.0,0.0,0.46,1557485994005
0.0,0.0,0.46,1557485994139
0.0,0.0,0.46,1557485994207
0.0,0.0,0.46,1557485994277
0.0,0.0,0.46,1557485994414
0.0,0.0,0.46,1557485994550
0.0,0.0,0.46,1557485994687
0.0,0.0,0.46,1557485994756
0.0,0.0,0.46,1557485994825
0.0,0.0,0.46,1557485994891
0.0,0.0,0.46,1557485994959
0.0,0.0,0.46,1557485995028
0.0,0.0,0.46,1557485995097
0.0,0.0,0.46,1557485995166
0.0,0.0,0.46,1557485995235
0.0,0.0,0.46,1557485995302
0.0,0.0,0.46,1557485995371
0.0,0.0,0.46,1557485995439
0.0,0.0,0.46,1557485995510
0.0,0.0,0.46,1557485995576
0.0,0.0,0.46,1557485995644
0.0,0.0,0.46,1557485995714
0.0,0.0,0.46,1557485995790
0.0,0.0,0.46,1557485995917
0.0,0.0,0.46,1557485996003
0.0,0.0,0.46,1557485996190
0.0,0.0,0.46,1557485996259
0.0,0.0,0.46,1557485996329
0.0,0.0,0.46,1557485996399
0.0,0.0,0.46,1557485996464
0.0,0.0,0.49,1557485996534
0.0,0.0,0.49,1557485996732
0.0,0.0,0.49,1557485996823
0.0,0.0,0.49,1557485996876
0.0,0.0,0.49,1557485996942
0.0,0.0,0.49,1557485997010
0.0,0.0,0.49,1557485997148
0.0,0.0,0.49,1557485997422
0.0,0.0,0.49,1557485997492
0.0,0.0,0.49,1557485997694
0.0,0.0,0.49,1557485997762
0.0,0.0,0.49,1557485997831
0.0,0.0,0.49,1557485997900
0.0,0.0,0.49,1557485997967
0.0,0.0,0.49,1557485998036
0.0,0.0,0.49,1557485998104
0.0,0.0,0.49,1557485998244
0.0,0.0,0.49,1557485998380
0.0,0.0,0.49,1557485998518
0.0,0.0,0.49,1557485998619
0.0,0.0,0.49,1557485998652
0.0,0.0,0.49,1557485998756
0.0,0.0,0.49,1557485998788
0.0,0.0,0.49,1557485999131
0.0,0.0,0.49,1557485999253
0.0,0.0,0.49,1557485999391
0.0,0.0,0.49,1557485999406
0.0,0.0,0.49,1557485999572
0.0,0.0,0.49,1557485999574
0.0,0.0,0.49,1557485999760
0.0,0.0,0.49,1557485999761
0.0,0.0,0.49,1557485999762
0.0,0.0,0.49,1557485999946
0.0,0.0,0.49,1557485999950
0.0,0.0,0.49,1557486000126
0.0,0.0,0.49,1557486000126
0.0,0.0,0.49,1557486000155
0.0,0.0,0.49,1557486000310
0.0,0.0,0.49,1557486000314
0.0,0.0,0.49,1557486000362
0.0,0.0,0.49,1557486000430
0.0,0.0,0.49,1557486000502
0.0,0.0,0.49,1557486000566
0.0,0.0,0.49,1557486000635
0.0,0.0,0.49,1557486000703
0.0,0.0,0.49,1557486000771
0.0,0.0,0.49,1557486000841
0.0,0.0,0.49,1557486000911
0.0,0.0,0.49,1557486000978
0.0,0.0,0.49,1557486001046
0.0,0.0,0.49,1557486001180
0.0,0.0,0.49,1557486001250
0.0,0.0,0.49,1557486001319
0.0,0.0,0.49,1557486001389
0.0,0.0,0.49,1557486001523
0.0,0.0,0.49,1557486001591
0.0,0.0,0.49,1557486001659
0.0,0.0,0.49,1557486001732
0.0,0.0,0.49,1557486001798
0.0,0.0,0.49,1557486001864
0.0,0.0,0.49,1557486001932
0.0,0.0,0.49,1557486002001
0.0,0.0,0.52,1557486002069
0.0,0.0,0.52,1557486002137
0.0,0.0,0.52,1557486002207
0.0,0.0,0.52,1557486002344
0.0,0.0,0.52,1557486002412
0.0,0.0,0.52,1557486002549
0.0,0.0,0.52,1557486002688
0.0,0.0,0.52,1557486002753
0.0,0.0,0.52,1557486002890
0.0,0.0,0.52,1557486002958
0.0,0.0,0.52,1557486003026
0.0,0.0,0.52,1557486003095
0.0,0.0,0.52,1557486003302
0.0,0.0,0.52,1557486003370
0.0,0.0,0.52,1557486003438
0.0,0.0,0.52,1557486003574
0.0,0.0,0.52,1557486003644
0.0,0.0,0.52,1557486003711
0.0,0.0,0.52,1557486003847
0.0,0.0,0.52,1557486003916
0.0,0.0,0.52,1557486003986
0.0,0.0,0.52,1557486004188
0.0,0.0,0.52,1557486004259
0.0,0.0,0.52,1557486004327
0.0,0.0,0.52,1557486004463
0.0,0.0,0.52,1557486004600
0.0,0.0,0.52,1557486004671
0.0,0.0,0.54,1557486004749
0.0,0.0,0.54,1557486005009
0.0,0.0,0.54,1557486005079
0.0,0.0,0.54,1557486005145
0.0,0.0,0.54,1557486005214
0.0,0.0,0.54,1557486005284
0.0,0.0,0.54,1557486005355
0.0,0.0,0.54,1557486005420
0.0,0.0,0.54,1557486005626
0.0,0.0,0.54,1557486005764
0.0,0.0,0.54,1557486005899
0.0,0.0,0.54,1557486005967
0.0,0.0,0.54,1557486006035
0.0,0.0,0.54,1557486006103
0.0,0.0,0.54,1557486006241
0.0,0.0,0.54,1557486006310
0.0,0.0,0.54,1557486006446
0.0,0.0,0.54,1557486006514
0.0,0.0,0.54,1557486006583
0.0,0.0,0.54,1557486006732
0.0,0.0,0.54,1557486006855
0.0,0.0,0.54,1557486006924
0.0,0.0,0.54,1557486006992
0.0,0.0,0.54,1557486007060
0.0,0.0,0.54,1557486007128
0.0,0.0,0.54,1557486007257
0.0,0.0,0.54,1557486007266
0.0,0.0,0.54,1557486007403
0.0,0.0,0.54,1557486007472
0.0,0.0,0.54,1557486007542
0.0,0.0,0.54,1557486007610
0.0,0.0,0.54,1557486007676
0.0,0.0,0.54,1557486007815
0.0,0.0,0.54,1557486007881
0.0,0.0,0.54,1557486008020
55.7841796875,12.442281723022461,0.54,1557486008028
0.0,0.0,0.54,1557486008085
0.0,0.0,0.54,1557486008154
0.0,0.0,0.54,1557486008223
0.0,0.0,0.54,1557486008293
0.0,0.0,0.54,1557486008363
0.0,0.0,0.54,1557486008429
0.0,0.0,0.54,1557486008497
0.0,0.0,0.54,1557486008567
0.0,0.0,0.54,1557486008702
0.0,0.0,0.54,1557486008771
0.0,0.0,0.54,1557486008840
0.0,0.0,0.54,1557486008906
0.0,0.0,0.54,1557486008975
0.0,0.0,0.54,1557486009043
0.0,0.0,0.54,1557486009114
0.0,0.0,0.54,1557486009249
0.0,0.0,0.54,1557486009386
0.0,0.0,0.54,1557486009455
0.0,0.0,0.54,1557486009522
0.0,0.0,0.54,1557486009591
0.0,0.0,0.54,1557486009796
0.0,0.0,0.54,1557486009869
0.0,0.0,0.54,1557486010000
0.0,0.0,0.57,1557486010069
0.0,0.0,0.57,1557486010139
0.0,0.0,0.57,1557486010206
0.0,0.0,0.57,1557486010275
0.0,0.0,0.57,1557486010345
0.0,0.0,0.57,1557486010480
0.0,0.0,0.57,1557486010548
0.0,0.0,0.57,1557486010616
0.0,0.0,0.57,1557486010685
0.0,0.0,0.57,1557486010754
0.0,0.0,0.57,1557486010821
0.0,0.0,0.57,1557486010891
0.0,0.0,0.57,1557486011026
0.0,0.0,0.57,1557486011163
0.0,0.0,0.57,1557486011231
0.0,0.0,0.57,1557486011301
0.0,0.0,0.57,1557486011369
0.0,0.0,0.57,1557486011507
0.0,0.0,0.57,1557486011574
0.0,0.0,0.6,1557486011642
0.0,0.0,0.6,1557486011733
0.0,0.0,0.6,1557486011780
0.0,0.0,0.6,1557486011846
0.0,0.0,0.6,1557486011915
0.0,0.0,0.6,1557486012122
0.0,0.0,0.6,1557486012258
0.0,0.0,0.6,1557486012327
0.0,0.0,0.6,1557486012394
0.0,0.0,0.6,1557486012463
0.0,0.0,0.6,1557486012533
0.0,0.0,0.6,1557486012599
0.0,0.0,0.6,1557486012738
0.0,0.0,0.6,1557486012804
0.0,0.0,0.6,1557486012872
0.0,0.0,0.6,1557486012940
0.0,0.0,0.6,1557486013077
0.0,0.0,0.6,1557486013145
0.0,0.0,0.6,1557486013214
0.0,0.0,0.6,1557486013283
0.0,0.0,0.6,1557486013352
0.0,0.0,0.6,1557486013421
0.0,0.0,0.6,1557486013559
0.0,0.0,0.6,1557486013710
0.0,0.0,0.6,1557486013762
0.0,0.0,0.6,1557486013829
0.0,0.0,0.6,1557486013898
0.0,0.0,0.6,1557486013966
0.0,0.0,0.6,1557486014103
0.0,0.0,0.6,1557486014171
0.0,0.0,0.6,1557486014241
0.0,0.0,0.6,1557486014309
0.0,0.0,0.6,1557486014379
0.0,0.0,0.6,1557486014445
0.0,0.0,0.6,1557486014516
0.0,0.0,0.6,1557486014651
0.0,0.0,0.62,1557486014787
0.0,0.0,0.62,1557486014855
0.0,0.0,0.62,1557486014923
0.0,0.0,0.62,1557486014994
0.0,0.0,0.62,1557486015061
0.0,0.0,0.62,1557486015128
0.0,0.0,0.62,1557486015200
0.0,0.0,0.62,1557486015266
0.0,0.0,0.62,1557486015334
0.0,0.0,0.62,1557486015403
0.0,0.0,0.62,1557486015471
0.0,0.0,0.62,1557486015540
0.0,0.0,0.62,1557486015607
0.0,0.0,0.62,1557486015676
0.0,0.0,0.62,1557486015812
0.0,0.0,0.62,1557486015880
0.0,0.0,0.62,1557486016087
0.0,0.0,0.62,1557486016222
0.0,0.0,0.62,1557486016292
0.0,0.0,0.62,1557486016360
0.0,0.0,0.62,1557486016428
0.0,0.0,0.62,1557486016564
0.0,0.0,0.62,1557486016633
0.0,0.0,0.62,1557486016733
0.0,0.0,0.62,1557486016771
0.0,0.0,0.62,1557486016838
0.0,0.0,0.62,1557486016908
0.0,0.0,0.62,1557486017044
0.0,0.0,0.62,1557486017111
0.0,0.0,0.62,1557486017217
0.0,0.0,0.62,1557486017249
0.0,0.0,0.62,1557486017317
0.0,0.0,0.62,1557486017523
0.0,0.0,0.62,1557486017590
0.0,0.0,0.62,1557486017659
0.0,0.0,0.62,1557486017728
0.0,0.0,0.62,1557486017936
0.0,0.0,0.62,1557486018227
0.0,0.0,0.62,1557486018361
0.0,0.0,0.62,1557486018361
0.0,0.0,0.62,1557486018496
0.0,0.0,0.62,1557486018497
0.0,0.0,0.62,1557486018631
0.0,0.0,0.62,1557486018631
0.0,0.0,0.62,1557486018764
0.0,0.0,0.62,1557486018954
0.0,0.0,0.62,1557486018955
0.0,0.0,0.62,1557486019136
0.0,0.0,0.62,1557486019137
0.0,0.0,0.62,1557486019164
0.0,0.0,0.62,1557486019269
0.0,0.0,0.62,1557486019300
0.0,0.0,0.62,1557486019407
0.0,0.0,0.62,1557486019437
0.0,0.0,0.62,1557486019591
0.0,0.0,0.62,1557486019618
0.0,0.0,0.62,1557486019770
0.0,0.0,0.62,1557486019771
0.0,0.0,0.62,1557486019954
0.0,0.0,0.62,1557486020136
0.0,0.0,0.62,1557486020318
0.0,0.0,0.62,1557486020319
0.0,0.0,0.62,1557486020327
0.0,0.0,0.65,1557486020393
0.0,0.0,0.62,1557486020463
0.0,0.0,0.62,1557486020530
0.0,0.0,0.62,1557486020600
0.0,0.0,0.62,1557486020666
0.0,0.0,0.62,1557486020735
0.0,0.0,0.62,1557486020803
0.0,0.0,0.62,1557486020871
0.0,0.0,0.65,1557486020940
0.0,0.0,0.65,1557486021008
0.0,0.0,0.65,1557486021144
0.0,0.0,0.65,1557486021214
0.0,0.0,0.65,1557486021351
0.0,0.0,0.65,1557486021421
0.0,0.0,0.65,1557486021489
0.0,0.0,0.65,1557486021556
0.0,0.0,0.65,1557486021765
0.0,0.0,0.65,1557486021829
0.0,0.0,0.65,1557486021897
0.0,0.0,0.65,1557486021966
0.0,0.0,0.65,1557486022033
0.0,0.0,0.65,1557486022103
0.0,0.0,0.65,1557486022193
0.0,0.0,0.65,1557486022242
0.0,0.0,0.65,1557486022308
0.0,0.0,0.68,1557486022376
0.0,0.0,0.68,1557486022446
0.0,0.0,0.68,1557486022514
0.0,0.0,0.68,1557486022582
0.0,0.0,0.68,1557486022669
0.0,0.0,0.68,1557486022718
0.0,0.0,0.68,1557486022786
0.0,0.0,0.68,1557486022854
0.0,0.0,0.68,1557486023061
0.0,0.0,0.71,1557486023196
0.0,0.0,0.71,1557486023265
0.0,0.0,0.71,1557486023333
0.0,0.0,0.71,1557486023402
0.0,0.0,0.71,1557486023471
0.0,0.0,0.71,1557486023538
0.0,0.0,0.71,1557486023606
0.0,0.0,0.71,1557486023676
0.0,0.0,0.71,1557486023743
0.0,0.0,0.73,1557486023813
0.0,0.0,0.73,1557486023881
0.0,0.0,0.73,1557486023950
0.0,0.0,0.73,1557486024016
0.0,0.0,0.73,1557486024222
0.0,0.0,0.73,1557486024291
0.0,0.0,0.73,1557486024359
0.0,0.0,0.73,1557486024429
0.0,0.0,0.73,1557486024496
0.0,0.0,0.73,1557486024565
0.0,0.0,0.73,1557486024635
0.0,0.0,0.73,1557486024701
0.0,0.0,0.73,1557486024769
0.0,0.0,0.73,1557486024838
0.0,0.0,0.76,1557486024906
0.0,0.0,0.76,1557486024975
0.0,0.0,0.76,1557486025042
0.0,0.0,0.76,1557486025110
0.0,0.0,0.76,1557486025179
0.0,0.0,0.76,1557486025318
0.0,0.0,0.76,1557486025455
0.0,0.0,0.76,1557486025524
0.0,0.0,0.76,1557486025591
0.0,0.0,0.76,1557486025659
0.0,0.0,0.76,1557486025727
0.0,0.0,0.76,1557486025863
0.0,0.0,0.76,1557486025931
0.0,0.0,0.76,1557486025999
0.0,0.0,0.76,1557486026069
0.0,0.0,0.76,1557486026136
0.0,0.0,0.79,1557486026207
0.0,0.0,0.79,1557486026274
0.0,0.0,0.79,1557486026343
0.0,0.0,0.79,1557486026412
0.0,0.0,0.79,1557486026479
0.0,0.0,0.79,1557486026547
0.0,0.0,0.79,1557486026616
0.0,0.0,0.79,1557486026758
0.0,0.0,0.79,1557486026890
0.0,0.0,0.79,1557486026956
0.0,0.0,0.82,1557486027096
0.0,0.0,0.82,1557486027162
0.0,0.0,0.82,1557486027230
0.0,0.0,0.82,1557486027300
0.0,0.0,0.82,1557486027369
0.0,0.0,0.82,1557486027436
0.0,0.0,0.82,1557486027505
0.0,0.0,0.82,1557486027574
0.0,0.0,0.82,1557486027642
0.0,0.0,0.82,1557486027710
0.0,0.0,0.82,1557486027790
0.0,0.0,0.82,1557486027846
0.0,0.0,0.84,1557486027916
0.0,0.0,0.84,1557486027982
0.0,0.0,0.84,1557486028119
0.0,0.0,0.84,1557486028191
0.0,0.0,0.84,1557486028395
0.0,0.0,0.84,1557486028463
0.0,0.0,0.84,1557486028530
0.0,0.0,0.84,1557486028600
0.0,0.0,0.84,1557486028670
0.0,0.0,0.84,1557486028803
0.0,0.0,0.84,1557486028872
0.0,0.0,0.84,1557486028939
0.0,0.0,0.84,1557486029009
0.0,0.0,0.84,1557486029076
0.0,0.0,0.84,1557486029146
0.0,0.0,0.84,1557486029214
0.0,0.0,0.84,1557486029282
0.0,0.0,0.84,1557486029351
0.0,0.0,0.84,1557486029421
0.0,0.0,0.84,1557486029488
0.0,0.0,0.87,1557486029555
0.0,0.0,0.87,1557486029624
0.0,0.0,0.87,1557486029692
0.0,0.0,0.87,1557486029760
0.0,0.0,0.87,1557486029897
0.0,0.0,0.87,1557486030033
0.0,0.0,0.87,1557486030101
0.0,0.0,0.87,1557486030239
0.0,0.0,0.87,1557486030310
0.0,0.0,0.87,1557486030376
0.0,0.0,0.87,1557486030445
0.0,0.0,0.87,1557486030514
0.0,0.0,0.87,1557486030650
0.0,0.0,0.87,1557486030718
0.0,0.0,0.87,1557486030786
0.0,0.0,0.87,1557486030923
0.0,0.0,0.87,1557486030992
0.0,0.0,0.87,1557486031059
0.0,0.0,0.87,1557486031131
0.0,0.0,0.87,1557486031265
0.0,0.0,0.87,1557486031336
0.0,0.0,0.87,1557486031404
0.0,0.0,0.87,1557486031540
0.0,0.0,0.87,1557486031607
0.0,0.0,0.87,1557486031734
0.0,0.0,0.87,1557486031743
0.0,0.0,0.87,1557486031880
0.0,0.0,0.87,1557486031949
0.0,0.0,0.87,1557486032086
0.0,0.0,0.87,1557486032186
0.0,0.0,0.87,1557486032222
0.0,0.0,0.87,1557486032291
0.0,0.0,0.9,1557486032428
0.0,0.0,0.9,1557486032496
0.0,0.0,0.9,1557486032566
0.0,0.0,0.9,1557486032633
0.0,0.0,0.9,1557486032701
0.0,0.0,0.9,1557486032769
0.0,0.0,0.9,1557486032843
0.0,0.0,0.9,1557486032910
0.0,0.0,0.9,1557486032974
0.0,0.0,0.9,1557486033042
0.0,0.0,0.9,1557486033110
0.0,0.0,0.9,1557486033179
0.0,0.0,0.9,1557486033318
0.0,0.0,0.9,1557486033385
0.0,0.0,0.9,1557486033590
0.0,0.0,0.9,1557486033727
0.0,0.0,0.9,1557486033797
0.0,0.0,0.9,1557486033863
0.0,0.0,0.9,1557486033931
0.0,0.0,0.9,1557486034070
0.0,0.0,0.9,1557486034136
0.0,0.0,0.9,1557486034205
0.0,0.0,0.9,1557486034276
0.0,0.0,0.9,1557486034344
0.0,0.0,0.9,1557486034411
0.0,0.0,0.9,1557486034479
0.0,0.0,0.9,1557486034550
0.0,0.0,0.9,1557486034615
0.0,0.0,0.9,1557486034684
0.0,0.0,0.9,1557486034752
0.0,0.0,0.93,1557486034822
0.0,0.0,0.93,1557486034889
0.0,0.0,0.93,1557486034956
0.0,0.0,0.93,1557486035025
0.0,0.0,0.93,1557486035093
0.0,0.0,0.93,1557486035164
0.0,0.0,0.93,1557486035234
0.0,0.0,0.93,1557486035303
0.0,0.0,0.93,1557486035368
0.0,0.0,0.93,1557486035504
0.0,0.0,0.93,1557486035573
0.0,0.0,0.93,1557486035641
0.0,0.0,0.93,1557486035709
0.0,0.0,0.93,1557486035778
0.0,0.0,0.93,1557486035915
0.0,0.0,0.93,1557486035983
0.0,0.0,0.93,1557486036053
0.0,0.0,0.95,1557486036118
0.0,0.0,0.95,1557486036187
0.0,0.0,0.95,1557486036259
0.0,0.0,0.95,1557486036326
0.0,0.0,0.95,1557486036393
0.0,0.0,0.95,1557486036463
0.0,0.0,0.95,1557486036531
0.0,0.0,0.95,1557486036599
0.0,0.0,0.95,1557486036667
0.0,0.0,0.98,1557486036816
0.0,0.0,0.98,1557486036816
0.0,0.0,0.98,1557486036874
0.0,0.0,0.98,1557486036941
0.0,0.0,0.98,1557486037008
0.0,0.0,0.98,1557486037077
0.0,0.0,0.98,1557486037144
0.0,0.0,0.98,1557486037213
0.0,0.0,1.01,1557486037282
0.0,0.0,1.01,1557486037420
0.0,0.0,1.01,1557486037489
0.0,0.0,1.01,1557486037557
0.0,0.0,1.01,1557486037624
0.0,0.0,1.01,1557486037692
0.0,0.0,1.01,1557486037761
0.0,0.0,1.01,1557486037829
0.0,0.0,1.04,1557486037897
0.0,0.0,1.04,1557486037967
0.0,0.0,1.04,1557486038034
0.0,0.0,1.04,1557486038102
0.0,0.0,1.04,1557486038172
0.0,0.0,1.04,1557486038239
0.0,0.0,1.04,1557486038308
0.0,0.0,1.04,1557486038376
0.0,0.0,1.04,1557486038445
0.0,0.0,1.04,1557486038514
0.0,0.0,1.04,1557486038581
0.0,0.0,1.04,1557486038650
0.0,0.0,1.04,1557486038718
0.0,0.0,1.04,1557486038787
0.0,0.0,1.04,1557486038856
0.0,0.0,1.04,1557486038923
0.0,0.0,1.04,1557486038991
0.0,0.0,1.04,1557486039059
0.0,0.0,1.04,1557486039129
0.0,0.0,1.04,1557486039196
0.0,0.0,1.04,1557486039421
0.0,0.0,1.04,1557486039425
0.0,0.0,1.04,1557486039558
0.0,0.0,1.04,1557486039558
0.0,0.0,1.04,1557486039690
0.0,0.0,1.04,1557486039691
0.0,0.0,1.04,1557486039826
0.0,0.0,1.04,1557486039829
0.0,0.0,1.04,1557486039962
0.0,0.0,1.04,1557486040144
0.0,0.0,1.04,1557486040146
0.0,0.0,1.04,1557486040331
0.0,0.0,1.01,1557486040333
0.0,0.0,1.01,1557486040361
0.0,0.0,1.01,1557486040462
0.0,0.0,1.01,1557486040599
0.0,0.0,1.01,1557486040633
0.0,0.0,1.01,1557486040781
0.0,0.0,1.01,1557486040782
0.0,0.0,1.01,1557486040964
0.0,0.0,1.01,1557486041002
0.0,0.0,1.01,1557486041003
0.0,0.0,1.01,1557486041146
0.0,0.0,1.01,1557486041146
0.0,0.0,1.01,1557486041332
0.0,0.0,0.98,1557486041337
0.0,0.0,0.98,1557486041513
0.0,0.0,0.98,1557486041517
0.0,0.0,0.98,1557486041526
0.0,0.0,0.98,1557486041658
0.0,0.0,0.98,1557486041732
0.0,0.0,0.98,1557486041795
0.0,0.0,0.98,1557486041937
0.0,0.0,0.98,1557486041939
0.0,0.0,0.98,1557486042003
0.0,0.0,0.95,1557486042068
0.0,0.0,0.95,1557486042136
0.0,0.0,0.95,1557486042205
0.0,0.0,0.95,1557486042412
0.0,0.0,0.95,1557486042479
0.0,0.0,0.95,1557486042547
0.0,0.0,0.95,1557486042616
0.0,0.0,0.95,1557486042684
0.0,0.0,0.95,1557486042889
0.0,0.0,0.95,1557486042959
0.0,0.0,0.93,1557486043025
0.0,0.0,0.93,1557486043093
0.0,0.0,0.93,1557486043161
0.0,0.0,0.93,1557486043231
0.0,0.0,0.93,1557486043299
0.0,0.0,0.93,1557486043369
0.0,0.0,0.93,1557486043436
0.0,0.0,0.93,1557486043504
0.0,0.0,0.93,1557486043573
0.0,0.0,0.93,1557486043643
0.0,0.0,0.93,1557486043712
0.0,0.0,0.93,1557486043778
0.0,0.0,0.93,1557486043845
0.0,0.0,0.93,1557486043914
0.0,0.0,0.93,1557486043982
0.0,0.0,0.93,1557486044051
0.0,0.0,0.93,1557486044119
0.0,0.0,0.9,1557486044187
0.0,0.0,0.9,1557486044257
0.0,0.0,0.9,1557486044328
0.0,0.0,0.9,1557486044394
0.0,0.0,0.9,1557486044462
0.0,0.0,0.9,1557486044531
0.0,0.0,0.9,1557486044667
0.0,0.0,0.9,1557486044734
0.0,0.0,0.9,1557486044804
0.0,0.0,0.9,1557486044872
0.0,0.0,0.9,1557486044939
0.0,0.0,0.9,1557486045008
0.0,0.0,0.9,1557486045078
0.0,0.0,0.9,1557486045144
0.0,0.0,0.9,1557486045215
0.0,0.0,0.9,1557486045353
0.0,0.0,0.9,1557486045420
0.0,0.0,0.9,1557486045488
0.0,0.0,0.9,1557486045556
0.0,0.0,0.9,1557486045624
0.0,0.0,0.9,1557486045710
0.0,0.0,0.9,1557486045762
0.0,0.0,0.9,1557486045830
0.0,0.0,0.9,1557486045897
0.0,0.0,0.9,1557486045967
0.0,0.0,0.9,1557486046034
0.0,0.0,0.9,1557486046102
0.0,0.0,0.9,1557486046170
0.0,0.0,0.9,1557486046240
0.0,0.0,0.9,1557486046308
0.0,0.0,0.9,1557486046378
0.0,0.0,0.9,1557486046446
0.0,0.0,0.9,1557486046515
0.0,0.0,0.9,1557486046581
0.0,0.0,0.9,1557486046653
0.0,0.0,0.9,1557486046733
0.0,0.0,0.9,1557486046786
0.0,0.0,0.9,1557486046855
0.0,0.0,0.9,1557486046922
0.0,0.0,0.9,1557486047058
0.0,0.0,0.9,1557486047096
0.0,0.0,0.9,1557486047137
0.0,0.0,0.9,1557486047197
0.0,0.0,0.9,1557486047265
0.0,0.0,0.9,1557486047334
0.0,0.0,0.9,1557486047403
0.0,0.0,0.87,1557486047539
0.0,0.0,0.87,1557486047607
0.0,0.0,0.87,1557486047814
0.0,0.0,0.87,1557486047948
0.0,0.0,0.87,1557486048017
0.0,0.0,0.87,1557486048085
0.0,0.0,0.87,1557486048156
0.0,0.0,0.87,1557486048222
0.0,0.0,0.87,1557486048291
55.78428649902344,12.44208812713623,0.87,1557486048292
0.0,0.0,0.87,1557486048359
0.0,0.0,0.87,1557486048428
0.0,0.0,0.87,1557486048499
0.0,0.0,0.87,1557486048564
0.0,0.0,0.87,1557486048632
0.0,0.0,0.87,1557486048704
0.0,0.0,0.87,1557486048837
0.0,0.0,0.87,1557486048909
0.0,0.0,0.87,1557486048974
0.0,0.0,0.87,1557486049042
0.0,0.0,0.87,1557486049110
0.0,0.0,0.87,1557486049180
0.0,0.0,0.87,1557486049250
0.0,0.0,0.87,1557486049317
0.0,0.0,0.87,1557486049386
0.0,0.0,0.87,1557486049454
0.0,0.0,0.87,1557486049522
0.0,0.0,0.87,1557486049596
0.0,0.0,0.87,1557486049659
0.0,0.0,0.87,1557486049863
0.0,0.0,0.87,1557486049931
0.0,0.0,0.87,1557486050068
0.0,0.0,0.87,1557486050136
0.0,0.0,0.87,1557486050207
0.0,0.0,0.87,1557486050343
0.0,0.0,0.87,1557486050410
0.0,0.0,0.87,1557486050479
0.0,0.0,0.87,1557486050551
0.0,0.0,0.87,1557486050616
0.0,0.0,0.87,1557486050683
0.0,0.0,0.87,1557486050752
0.0,0.0,0.87,1557486050832
0.0,0.0,0.87,1557486050888
0.0,0.0,0.87,1557486050956
0.0,0.0,0.87,1557486051025
0.0,0.0,0.87,1557486051093
0.0,0.0,0.87,1557486051230
0.0,0.0,0.84,1557486051303
0.0,0.0,0.84,1557486051371
0.0,0.0,0.84,1557486051436
0.0,0.0,0.84,1557486051504
0.0,0.0,0.84,1557486051643
0.0,0.0,0.84,1557486051777
0.0,0.0,0.84,1557486051847
0.0,0.0,0.84,1557486051915
0.0,0.0,0.84,1557486051982
0.0,0.0,0.84,1557486052051
0.0,0.0,0.84,1557486052176
0.0,0.0,0.84,1557486052188
0.0,0.0,0.84,1557486052308
0.0,0.0,0.84,1557486052325
0.0,0.0,0.84,1557486052393
0.0,0.0,0.84,1557486052462
0.0,0.0,0.84,1557486052599
0.0,0.0,0.84,1557486052667
0.0,0.0,0.84,1557486052735
0.0,0.0,0.84,1557486052803
0.0,0.0,0.84,1557486052873
0.0,0.0,0.84,1557486052940
0.0,0.0,0.82,1557486053008
0.0,0.0,0.82,1557486053077
0.0,0.0,0.82,1557486053145
0.0,0.0,0.82,1557486053213
0.0,0.0,0.82,1557486053351
0.0,0.0,0.82,1557486053419
0.0,0.0,0.82,1557486053487
0.0,0.0,0.82,1557486053624
0.0,0.0,0.82,1557486053763
0.0,0.0,0.82,1557486053829
0.0,0.0,0.82,1557486053898
0.0,0.0,0.82,1557486053965
0.0,0.0,0.82,1557486054033
0.0,0.0,0.79,1557486054104
0.0,0.0,0.79,1557486054240
0.0,0.0,0.79,1557486054309
0.0,0.0,0.79,1557486054378
0.0,0.0,0.79,1557486054445
0.0,0.0,0.79,1557486054516
0.0,0.0,0.79,1557486054582
0.0,0.0,0.79,1557486054670
0.0,0.0,0.79,1557486054718
0.0,0.0,0.79,1557486054786
0.0,0.0,0.79,1557486054854
0.0,0.0,0.79,1557486054924
0.0,0.0,0.79,1557486054991
0.0,0.0,0.79,1557486055059
0.0,0.0,0.79,1557486055196
0.0,0.0,0.79,1557486055336
0.0,0.0,0.76,1557486055403
0.0,0.0,0.76,1557486055538
0.0,0.0,0.76,1557486055606
0.0,0.0,0.76,1557486055743
0.0,0.0,0.76,1557486055812
0.0,0.0,0.76,1557486055950
0.0,0.0,0.76,1557486056018
0.0,0.0,0.76,1557486056222
0.0,0.0,0.76,1557486056293
0.0,0.0,0.76,1557486056362
0.0,0.0,0.76,1557486056429
0.0,0.0,0.76,1557486056499
0.0,0.0,0.76,1557486056565
0.0,0.0,0.76,1557486056633
0.0,0.0,0.73,1557486056824
0.0,0.0,0.73,1557486056838
0.0,0.0,0.73,1557486056905
0.0,0.0,0.73,1557486056974
0.0,0.0,0.73,1557486057045
0.0,0.0,0.73,1557486057113
0.0,0.0,0.73,1557486057179
0.0,0.0,0.73,1557486057325
0.0,0.0,0.73,1557486057329
0.0,0.0,0.73,1557486057385
0.0,0.0,0.71,1557486057590
0.0,0.0,0.71,1557486057663
0.0,0.0,0.71,1557486057726
0.0,0.0,0.71,1557486057794
0.0,0.0,0.71,1557486057862
0.0,0.0,0.71,1557486057933
0.0,0.0,0.71,1557486058000
0.0,0.0,0.71,1557486058135
0.0,0.0,0.71,1557486058204
0.0,0.0,0.71,1557486058274
0.0,0.0,0.71,1557486058342
0.0,0.0,0.71,1557486058480
0.0,0.0,0.71,1557486058546
0.0,0.0,0.71,1557486058615
0.0,0.0,0.71,1557486058820
0.0,0.0,0.71,1557486058890
0.0,0.0,0.71,1557486058958
0.0,0.0,0.71,1557486059093
0.0,0.0,0.71,1557486059161
0.0,0.0,0.68,1557486059231
0.0,0.0,0.68,1557486059301
0.0,0.0,0.68,1557486059429
0.0,0.0,0.68,1557486059438
0.0,0.0,0.68,1557486059564
0.0,0.0,0.68,1557486059576
0.0,0.0,0.68,1557486059699
0.0,0.0,0.68,1557486059834
0.0,0.0,0.68,1557486060149
0.0,0.0,0.68,1557486060187
0.0,0.0,0.68,1557486060331
0.0,0.0,0.68,1557486060467
0.0,0.0,0.68,1557486060468
0.0,0.0,0.68,1557486060604
0.0,0.0,0.68,1557486060786
0.0,0.0,0.68,1557486060787
0.0,0.0,0.68,1557486060804
0.0,0.0,0.68,1557486060969
0.0,0.0,0.65,1557486061149
0.0,0.0,0.65,1557486061150
0.0,0.0,0.65,1557486061331
0.0,0.0,0.65,1557486061336
0.0,0.0,0.65,1557486061352
0.0,0.0,0.65,1557486061514
0.0,0.0,0.65,1557486061556
0.0,0.0,0.65,1557486061623
0.0,0.0,0.65,1557486061736
0.0,0.0,0.65,1557486061759
0.0,0.0,0.65,1557486062033
0.0,0.0,0.65,1557486062101
0.0,0.0,0.65,1557486062308
0.0,0.0,0.65,1557486062377
0.0,0.0,0.65,1557486062445
0.0,0.0,0.65,1557486062514
0.0,0.0,0.65,1557486062582
0.0,0.0,0.65,1557486062649
0.0,0.0,0.65,1557486062719
0.0,0.0,0.65,1557486062785
0.0,0.0,0.65,1557486062853
0.0,0.0,0.65,1557486062923
0.0,0.0,0.65,1557486063058
0.0,0.0,0.65,1557486063127
0.0,0.0,0.65,1557486063196
0.0,0.0,0.65,1557486063402
0.0,0.0,0.65,1557486063469
0.0,0.0,0.65,1557486063538
0.0,0.0,0.65,1557486063630
0.0,0.0,0.65,1557486063680
0.0,0.0,0.65,1557486063742
0.0,0.0,0.65,1557486063811
0.0,0.0,0.65,1557486063879
0.0,0.0,0.65,1557486064015
0.0,0.0,0.65,1557486064085
0.0,0.0,0.65,1557486064221
0.0,0.0,0.65,1557486064291
0.0,0.0,0.65,1557486064427
0.0,0.0,0.65,1557486064497
0.0,0.0,0.65,1557486064563
0.0,0.0,0.65,1557486064632
0.0,0.0,0.65,1557486064699
0.0,0.0,0.65,1557486064769
0.0,0.0,0.65,1557486064910
0.0,0.0,0.65,1557486064975
0.0,0.0,0.68,1557486065040
0.0,0.0,0.65,1557486065109
0.0,0.0,0.65,1557486065177
0.0,0.0,0.65,1557486065320
0.0,0.0,0.65,1557486065385
0.0,0.0,0.65,1557486065521
0.0,0.0,0.65,1557486065590
0.0,0.0,0.65,1557486065794
0.0,0.0,0.65,1557486065863
0.0,0.0,0.65,1557486065932
0.0,0.0,0.65,1557486066003
0.0,0.0,0.65,1557486066135
0.0,0.0,0.65,1557486066204
0.0,0.0,0.65,1557486066276
0.0,0.0,0.65,1557486066343
0.0,0.0,0.65,1557486066546
0.0,0.0,0.65,1557486066733
0.0,0.0,0.65,1557486066752
0.0,0.0,0.65,1557486066887
0.0,0.0,0.65,1557486067023
0.0,0.0,0.65,1557486067160
0.0,0.0,0.65,1557486067230
0.0,0.0,0.65,1557486067368
0.0,0.0,0.65,1557486067437
0.0,0.0,0.65,1557486067504
0.0,0.0,0.65,1557486067640
0.0,0.0,0.65,1557486067710
0.0,0.0,0.65,1557486067776
0.0,0.0,0.65,1557486067912
0.0,0.0,0.65,1557486067981
0.0,0.0,0.65,1557486068049
0.0,0.0,0.65,1557486068117
0.0,0.0,0.62,1557486068185
0.0,0.0,0.62,1557486068327
0.0,0.0,0.62,1557486068396
0.0,0.0,0.62,1557486068460
0.0,0.0,0.62,1557486068529
0.0,0.0,0.62,1557486068597
0.0,0.0,0.62,1557486068750
0.0,0.0,0.62,1557486068870
0.0,0.0,0.62,1557486068939
0.0,0.0,0.62,1557486069075
0.0,0.0,0.62,1557486069143
0.0,0.0,0.62,1557486069214
0.0,0.0,0.62,1557486069283
0.0,0.0,0.62,1557486069351
0.0,0.0,0.62,1557486069419
0.0,0.0,0.62,1557486069486
0.0,0.0,0.62,1557486069554
0.0,0.0,0.62,1557486069622
0.0,0.0,0.62,1557486069691
0.0,0.0,0.62,1557486069759
0.0,0.0,0.62,1557486069896
0.0,0.0,0.62,1557486070034
0.0,0.0,0.62,1557486070101
0.0,0.0,0.62,1557486070239
0.0,0.0,0.62,1557486070307
0.0,0.0,0.62,1557486070376
0.0,0.0,0.62,1557486070444
0.0,0.0,0.62,1557486070512
0.0,0.0,0.62,1557486070580
0.0,0.0,0.62,1557486070717
0.0,0.0,0.62,1557486070785
0.0,0.0,0.62,1557486070923
0.0,0.0,0.62,1557486071057
0.0,0.0,0.62,1557486071194
0.0,0.0,0.62,1557486071265
0.0,0.0,0.62,1557486071334
0.0,0.0,0.62,1557486071402
0.0,0.0,0.62,1557486071468
0.0,0.0,0.6,1557486071607
0.0,0.0,0.6,1557486071733
0.0,0.0,0.6,1557486071809
0.0,0.0,0.6,1557486071880
0.0,0.0,0.6,1557486071947
0.0,0.0,0.6,1557486072083
0.0,0.0,0.6,1557486072222
0.0,0.0,0.6,1557486072290
0.0,0.0,0.6,1557486072495
0.0,0.0,0.6,1557486072562
0.0,0.0,0.6,1557486072631
0.0,0.0,0.6,1557486072699
0.0,0.0,0.6,1557486072768
0.0,0.0,0.6,1557486072841
0.0,0.0,0.6,1557486072904
0.0,0.0,0.6,1557486072972
0.0,0.0,0.6,1557486073040
0.0,0.0,0.6,1557486073110
0.0,0.0,0.57,1557486073178
0.0,0.0,0.57,1557486073315
0.0,0.0,0.57,1557486073384
0.0,0.0,0.57,1557486073453
0.0,0.0,0.57,1557486073657
0.0,0.0,0.57,1557486073729
0.0,0.0,0.57,1557486073796
0.0,0.0,0.57,1557486073872
0.0,0.0,0.57,1557486073929
0.0,0.0,0.57,1557486073997
0.0,0.0,0.57,1557486074065
0.0,0.0,0.57,1557486074134
0.0,0.0,0.57,1557486074204
0.0,0.0,0.57,1557486074340
0.0,0.0,0.57,1557486074408
0.0,0.0,0.57,1557486074547
0.0,0.0,0.57,1557486074613
0.0,0.0,0.57,1557486074753
0.0,0.0,0.57,1557486074819
0.0,0.0,0.57,1557486075025
0.0,0.0,0.57,1557486075091
0.0,0.0,0.57,1557486075159
0.0,0.0,0.57,1557486075366
0.0,0.0,0.57,1557486075434
0.0,0.0,0.57,1557486075502
0.0,0.0,0.57,1557486075572
0.0,0.0,0.54,1557486075775
0.0,0.0,0.54,1557486075844
0.0,0.0,0.54,1557486075912
0.0,0.0,0.54,1557486075981
0.0,0.0,0.54,1557486076048
0.0,0.0,0.54,1557486076116
0.0,0.0,0.54,1557486076256
0.0,0.0,0.54,1557486076323
0.0,0.0,0.54,1557486076393
0.0,0.0,0.54,1557486076461
0.0,0.0,0.54,1557486076528
0.0,0.0,0.54,1557486076597
0.0,0.0,0.54,1557486076733
0.0,0.0,0.54,1557486076938
0.0,0.0,0.54,1557486077007
0.0,0.0,0.54,1557486077074
0.0,0.0,0.54,1557486077143
0.0,0.0,0.54,1557486077260
0.0,0.0,0.54,1557486077280
0.0,0.0,0.54,1557486077351
0.0,0.0,0.54,1557486077553
0.0,0.0,0.54,1557486077621
0.0,0.0,0.54,1557486077826
0.0,0.0,0.54,1557486077896
0.0,0.0,0.54,1557486078031
0.0,0.0,0.54,1557486078099
0.0,0.0,0.54,1557486078168
0.0,0.0,0.54,1557486078237
0.0,0.0,0.54,1557486078375
55.78408432006836,12.441991806030273,0.54,1557486078376
0.0,0.0,0.52,1557486078445
0.0,0.0,0.52,1557486078511
0.0,0.0,0.52,1557486078579
0.0,0.0,0.52,1557486078648
0.0,0.0,0.52,1557486078783
0.0,0.0,0.52,1557486078852
0.0,0.0,0.52,1557486078920
0.0,0.0,0.52,1557486078990
0.0,0.0,0.52,1557486079056
0.0,0.0,0.52,1557486079130
0.0,0.0,0.52,1557486079197
0.0,0.0,0.52,1557486079263
0.0,0.0,0.52,1557486079333
0.0,0.0,0.52,1557486079438
0.0,0.0,0.52,1557486079468
0.0,0.0,0.52,1557486079576
0.0,0.0,0.49,1557486079605
0.0,0.0,0.49,1557486079709
0.0,0.0,0.49,1557486079740
0.0,0.0,0.49,1557486079877
0.0,0.0,0.49,1557486079979
0.0,0.0,0.49,1557486080013
0.0,0.0,0.49,1557486080159
0.0,0.0,0.49,1557486080160
0.0,0.0,0.49,1557486080341
0.0,0.0,0.49,1557486080359
0.0,0.0,0.49,1557486080613
0.0,0.0,0.49,1557486080796
0.0,0.0,0.49,1557486080978
0.0,0.0,0.49,1557486081161
0.0,0.0,0.49,1557486081161
0.0,0.0,0.49,1557486081176
0.0,0.0,0.49,1557486081349
0.0,0.0,0.49,1557486081356
0.0,0.0,0.49,1557486081383
0.0,0.0,0.49,1557486081588
0.0,0.0,0.49,1557486081658
0.0,0.0,0.49,1557486081734
0.0,0.0,0.49,1557486081793
0.0,0.0,0.49,1557486081860
0.0,0.0,0.52,1557486081996
0.0,0.0,0.52,1557486082066
0.0,0.0,0.52,1557486082133
0.0,0.0,0.52,1557486082273
0.0,0.0,0.52,1557486082339
0.0,0.0,0.52,1557486082408
0.0,0.0,0.52,1557486082477
0.0,0.0,0.52,1557486082546
0.0,0.0,0.49,1557486082616
0.0,0.0,0.49,1557486082681
0.0,0.0,0.49,1557486082748
0.0,0.0,0.49,1557486082831
0.0,0.0,0.49,1557486082885
0.0,0.0,0.49,1557486082953
0.0,0.0,0.49,1557486083022
0.0,0.0,0.49,1557486083090
0.0,0.0,0.49,1557486083158
0.0,0.0,0.49,1557486083227
0.0,0.0,0.49,1557486083299
0.0,0.0,0.49,1557486083365
0.0,0.0,0.49,1557486083433
0.0,0.0,0.49,1557486083501
0.0,0.0,0.49,1557486083638
0.0,0.0,0.49,1557486083774
0.0,0.0,0.49,1557486083843
0.0,0.0,0.49,1557486083911
0.0,0.0,0.49,1557486083979
0.0,0.0,0.49,1557486084048
0.0,0.0,0.49,1557486084186
0.0,0.0,0.49,1557486084253
0.0,0.0,0.49,1557486084458
0.0,0.0,0.49,1557486084529
0.0,0.0,0.49,1557486084595
0.0,0.0,0.49,1557486084664
0.0,0.0,0.49,1557486084732
0.0,0.0,0.49,1557486084868
0.0,0.0,0.46,1557486085006
0.0,0.0,0.46,1557486085075
0.0,0.0,0.46,1557486085143
0.0,0.0,0.46,1557486085279
0.0,0.0,0.46,1557486085348
0.0,0.0,0.46,1557486085416
0.0,0.0,0.46,1557486085621
0.0,0.0,0.46,1557486085688
0.0,0.0,0.46,1557486085757
0.0,0.0,0.46,1557486085961
0.0,0.0,0.46,1557486086098
0.0,0.0,0.46,1557486086167
0.0,0.0,0.46,1557486086237
0.0,0.0,0.46,1557486086305
0.0,0.0,0.46,1557486086373
0.0,0.0,0.46,1557486086442
0.0,0.0,0.46,1557486086578
0.0,0.0,0.46,1557486086734
0.0,0.0,0.46,1557486086824
0.0,0.0,0.46,1557486086850
0.0,0.0,0.46,1557486086919
0.0,0.0,0.46,1557486086990
0.0,0.0,0.46,1557486087058
0.0,0.0,0.46,1557486087124
0.0,0.0,0.46,1557486087192
0.0,0.0,0.46,1557486087333
0.0,0.0,0.46,1557486087398
0.0,0.0,0.46,1557486087468
0.0,0.0,0.46,1557486087536
0.0,0.0,0.46,1557486087604
0.0,0.0,0.46,1557486087673
0.0,0.0,0.46,1557486087741
0.0,0.0,0.46,1557486087809
0.0,0.0,0.46,1557486087876
0.0,0.0,0.46,1557486088013
0.0,0.0,0.46,1557486088081
0.0,0.0,0.46,1557486088149
0.0,0.0,0.46,1557486088218
0.0,0.0,0.46,1557486088288
0.0,0.0,0.46,1557486088426
0.0,0.0,0.46,1557486088560
0.0,0.0,0.43,1557486088697
0.0,0.0,0.43,1557486088835
0.0,0.0,0.43,1557486088901
0.0,0.0,0.43,1557486088972
0.0,0.0,0.43,1557486089039
0.0,0.0,0.43,1557486089106
0.0,0.0,0.43,1557486089175
0.0,0.0,0.43,1557486089244
0.0,0.0,0.43,1557486089313
0.0,0.0,0.43,1557486089381
0.0,0.0,0.43,1557486089455
0.0,0.0,0.43,1557486089527
0.0,0.0,0.43,1557486089586
0.0,0.0,0.43,1557486089655
0.0,0.0,0.43,1557486089724
0.0,0.0,0.43,1557486089859
0.0,0.0,0.43,1557486089932
0.0,0.0,0.43,1557486089996
0.0,0.0,0.43,1557486090200
0.0,0.0,0.43,1557486090270
0.0,0.0,0.43,1557486090406
0.0,0.0,0.43,1557486090477
0.0,0.0,0.43,1557486090543
0.0,0.0,0.43,1557486090612
0.0,0.0,0.43,1557486090679
0.0,0.0,0.43,1557486090816
0.0,0.0,0.43,1557486090886
0.0,0.0,0.43,1557486090953
0.0,0.0,0.43,1557486091089
0.0,0.0,0.43,1557486091157
0.0,0.0,0.43,1557486091226
0.0,0.0,0.43,1557486091300
0.0,0.0,0.43,1557486091364
0.0,0.0,0.43,1557486091432
0.0,0.0,0.43,1557486091501
0.0,0.0,0.43,1557486091568
0.0,0.0,0.43,1557486091637
0.0,0.0,0.43,1557486091735
0.0,0.0,0.43,1557486091856
0.0,0.0,0.43,1557486091857
0.0,0.0,0.43,1557486091913
0.0,0.0,0.43,1557486091980
0.0,0.0,0.43,1557486092050
0.0,0.0,0.43,1557486092115
0.0,0.0,0.43,1557486092183
0.0,0.0,0.43,1557486092327
0.0,0.0,0.43,1557486092334
0.0,0.0,0.43,1557486092389
0.0,0.0,0.43,1557486092457
0.0,0.0,0.43,1557486092526
0.0,0.0,0.43,1557486092596
0.0,0.0,0.43,1557486092664
0.0,0.0,0.43,1557486092730
0.0,0.0,0.43,1557486092935
0.0,0.0,0.41,1557486093073
0.0,0.0,0.43,1557486093140
0.0,0.0,0.43,1557486093209
0.0,0.0,0.43,1557486093278
0.0,0.0,0.43,1557486093347
0.0,0.0,0.41,1557486093414
0.0,0.0,0.41,1557486093482
0.0,0.0,0.41,1557486093553
0.0,0.0,0.41,1557486093619
0.0,0.0,0.41,1557486093687
0.0,0.0,0.43,1557486093756
0.0,0.0,0.43,1557486093825
0.0,0.0,0.43,1557486093960
0.0,0.0,0.43,1557486094097
0.0,0.0,0.41,1557486094165
0.0,0.0,0.41,1557486094234
0.0,0.0,0.41,1557486094306
0.0,0.0,0.41,1557486094375
0.0,0.0,0.41,1557486094443
0.0,0.0,0.41,1557486094510
0.0,0.0,0.41,1557486094576
0.0,0.0,0.41,1557486094647
0.0,0.0,0.41,1557486094713
0.0,0.0,0.41,1557486094783
0.0,0.0,0.41,1557486094851
0.0,0.0,0.41,1557486094919
0.0,0.0,0.41,1557486094986
0.0,0.0,0.41,1557486095193
0.0,0.0,0.41,1557486095329
0.0,0.0,0.41,1557486095466
0.0,0.0,0.41,1557486095601
0.0,0.0,0.41,1557486095670
0.0,0.0,0.38,1557486095738
0.0,0.0,0.38,1557486095808
0.0,0.0,0.38,1557486095943
0.0,0.0,0.38,1557486096011
0.0,0.0,0.38,1557486096080
0.0,0.0,0.38,1557486096150
0.0,0.0,0.38,1557486096216
0.0,0.0,0.38,1557486096288
0.0,0.0,0.38,1557486096354
0.0,0.0,0.38,1557486096490
0.0,0.0,0.35,1557486096559
0.0,0.0,0.35,1557486096627
0.0,0.0,0.35,1557486096735
0.0,0.0,0.35,1557486096764
0.0,0.0,0.35,1557486096832
0.0,0.0,0.35,1557486096977
0.0,0.0,0.35,1557486096978
0.0,0.0,0.35,1557486097041
0.0,0.0,0.35,1557486097105
0.0,0.0,0.35,1557486097173
0.0,0.0,0.32,1557486097305
0.0,0.0,0.32,1557486097320
0.0,0.0,0.32,1557486097380
0.0,0.0,0.32,1557486097452
0.0,0.0,0.32,1557486097516
0.0,0.0,0.32,1557486097724
0.0,0.0,0.32,1557486097857
0.0,0.0,0.32,1557486097926
0.0,0.0,0.32,1557486097994
0.0,0.0,0.32,1557486098062
0.0,0.0,0.32,1557486098130
0.0,0.0,0.32,1557486098198
0.0,0.0,0.3,1557486098269
0.0,0.0,0.3,1557486098339
0.0,0.0,0.3,1557486098406
0.0,0.0,0.3,1557486098476
0.0,0.0,0.3,1557486098542
0.0,0.0,0.3,1557486098609
0.0,0.0,0.3,1557486098678
0.0,0.0,0.3,1557486098747
0.0,0.0,0.3,1557486098814
0.0,0.0,0.3,1557486099294
0.0,0.0,0.27,1557486099470
0.0,0.0,0.27,1557486099590
0.0,0.0,0.27,1557486099726
0.0,0.0,0.27,1557486100392
0.0,0.0,0.3,1557486543044
0.0,0.0,0.3,1557486543132
0.0,0.0,0.27,1557486543226
0.0,0.0,0.27,1557486543228
0.0,0.0,0.27,1557486543777
0.0,0.0,0.27,1557486543808
0.0,0.0,0.27,1557486543963
0.0,0.0,0.27,1557486544144
0.0,0.0,0.27,1557486544149
0.0,0.0,0.27,1557486544326
0.0,0.0,0.27,1557486544508
0.0,0.0,0.27,1557486544512
0.0,0.0,0.27,1557486544627
0.0,0.0,0.27,1557486544764
0.0,0.0,0.27,1557486544834
0.0,0.0,0.27,1557486544919
0.0,0.0,0.27,1557486544970
0.0,0.0,0.27,1557486545105
0.0,0.0,0.27,1557486545242
0.0,0.0,0.27,1557486545313
0.0,0.0,0.27,1557486545652
0.0,0.0,0.27,1557486545721
0.0,0.0,0.27,1557486545789
0.0,0.0,0.27,1557486545857
0.0,0.0,0.27,1557486545925
0.0,0.0,0.27,1557486546062
0.0,0.0,0.27,1557486546198
0.0,0.0,0.27,1557486546269
0.0,0.0,0.27,1557486546334
0.0,0.0,0.27,1557486546406
0.0,0.0,0.27,1557486546474
0.0,0.0,0.27,1557486546542
0.0,0.0,0.27,1557486546610
0.0,0.0,0.27,1557486546748
0.0,0.0,0.27,1557486546815
0.0,0.0,0.27,1557486546882
0.0,0.0,0.27,1557486546951
0.0,0.0,0.27,1557486547019
0.0,0.0,0.27,1557486547332
0.0,0.0,0.27,1557486547364
0.0,0.0,0.27,1557486547498
0.0,0.0,0.27,1557486547570
0.0,0.0,0.27,1557486547636
0.0,0.0,0.27,1557486547704
0.0,0.0,0.27,1557486547772
0.0,0.0,0.27,1557486547840
0.0,0.0,0.27,1557486547909
0.0,0.0,0.27,1557486548044
0.0,0.0,0.27,1557486548114
0.0,0.0,0.27,1557486548183
0.0,0.0,0.27,1557486548249
0.0,0.0,0.27,1557486548385
0.0,0.0,0.27,1557486548455
0.0,0.0,0.27,1557486548524
0.0,0.0,0.27,1557486548592
0.0,0.0,0.27,1557486548731
0.0,0.0,0.27,1557486549002
0.0,0.0,0.27,1557486549069
0.0,0.0,0.27,1557486549206
0.0,0.0,0.27,1557486549277
0.0,0.0,0.27,1557486549343
0.0,0.0,0.27,1557486549412
0.0,0.0,0.27,1557486549480
0.0,0.0,0.27,1557486549549
0.0,0.0,0.27,1557486549686
0.0,0.0,0.27,1557486549755
0.0,0.0,0.27,1557486549822
0.0,0.0,0.27,1557486549890
0.0,0.0,0.27,1557486549959
0.0,0.0,0.27,1557486550234
0.0,0.0,0.27,1557486550300
0.0,0.0,0.27,1557486550372
0.0,0.0,0.27,1557486550436
0.0,0.0,0.27,1557486550506
0.0,0.0,0.27,1557486550576
0.0,0.0,0.27,1557486550645
0.0,0.0,0.27,1557486550712
0.0,0.0,0.27,1557486550847
0.0,0.0,0.27,1557486550916
0.0,0.0,0.27,1557486550986
0.0,0.0,0.27,1557486551054
0.0,0.0,0.27,1557486551120
0.0,0.0,0.27,1557486551189
0.0,0.0,0.27,1557486551325
0.0,0.0,0.27,1557486551600
0.0,0.0,0.27,1557486551669
0.0,0.0,0.27,1557486551804
0.0,0.0,0.27,1557486551876
0.0,0.0,0.27,1557486551940
0.0,0.0,0.27,1557486552011
0.0,0.0,0.27,1557486552077
0.0,0.0,0.27,1557486552146
0.0,0.0,0.27,1557486552214
0.0,0.0,0.27,1557486552283
0.0,0.0,0.27,1557486552350
0.0,0.0,0.27,1557486552420
0.0,0.0,0.27,1557486552489
0.0,0.0,0.27,1557486552558
0.0,0.0,0.27,1557486552627
0.0,0.0,0.27,1557486552697
0.0,0.0,0.27,1557486552762
0.0,0.0,0.27,1557486552832
0.0,0.0,0.27,1557486552900
0.0,0.0,0.27,1557486552968
0.0,0.0,0.27,1557486553105
0.0,0.0,0.27,1557486553173
0.0,0.0,0.27,1557486553242
0.0,0.0,0.27,1557486553309
0.0,0.0,0.27,1557486553447
0.0,0.0,0.27,1557486553518
0.0,0.0,0.27,1557486553583
0.0,0.0,0.27,1557486553651
0.0,0.0,0.27,1557486553719
0.0,0.0,0.27,1557486553787
0.0,0.0,0.27,1557486553878
0.0,0.0,0.27,1557486553925
0.0,0.0,0.27,1557486553994
0.0,0.0,0.27,1557486554062
0.0,0.0,0.27,1557486554129
0.0,0.0,0.27,1557486554200
0.0,0.0,0.27,1557486554266
0.0,0.0,0.27,1557486554334
0.0,0.0,0.27,1557486554404
0.0,0.0,0.27,1557486554472
0.0,0.0,0.27,1557486554542
0.0,0.0,0.27,1557486554609
0.0,0.0,0.27,1557486554678
0.0,0.0,0.27,1557486555018
0.0,0.0,0.27,1557486555090
0.0,0.0,0.27,1557486555159
0.0,0.0,0.27,1557486555224
0.0,0.0,0.27,1557486555292
0.0,0.0,0.27,1557486555360
0.0,0.0,0.27,1557486555430
0.0,0.0,0.27,1557486555499
0.0,0.0,0.27,1557486555567
0.0,0.0,0.27,1557486555636
0.0,0.0,0.27,1557486555772
0.0,0.0,0.27,1557486555840
0.0,0.0,0.27,1557486555908
0.0,0.0,0.27,1557486555976
0.0,0.0,0.27,1557486556045
0.0,0.0,0.27,1557486556114
0.0,0.0,0.27,1557486556250
0.0,0.0,0.27,1557486556319
0.0,0.0,0.27,1557486556454
0.0,0.0,0.27,1557486556524
0.0,0.0,0.27,1557486556594
0.0,0.0,0.27,1557486556660
0.0,0.0,0.27,1557486556742
0.0,0.0,0.27,1557486556799
0.0,0.0,0.27,1557486556864
0.0,0.0,0.27,1557486556933
0.0,0.0,0.27,1557486557003
0.0,0.0,0.27,1557486557270
0.0,0.0,0.27,1557486557275
0.0,0.0,0.27,1557486557412
0.0,0.0,0.27,1557486557481
0.0,0.0,0.27,1557486557549
0.0,0.0,0.27,1557486557619
0.0,0.0,0.27,1557486557753
0.0,0.0,0.27,1557486557822
0.0,0.0,0.27,1557486557893
0.0,0.0,0.27,1557486557957
0.0,0.0,0.27,1557486558026
0.0,0.0,0.27,1557486558094
0.0,0.0,0.27,1557486558164
0.0,0.0,0.27,1557486558232
0.0,0.0,0.27,1557486558299
0.0,0.0,0.27,1557486558370
0.0,0.0,0.27,1557486558438
0.0,0.0,0.27,1557486558507
0.0,0.0,0.27,1557486558575
0.0,0.0,0.27,1557486558643
0.0,0.0,0.27,1557486558711
0.0,0.0,0.27,1557486558778
0.0,0.0,0.27,1557486558848
0.0,0.0,0.27,1557486558916
0.0,0.0,0.27,1557486558999
0.0,0.0,0.27,1557486559054
0.0,0.0,0.27,1557486559122
0.0,0.0,0.27,1557486559189
0.0,0.0,0.27,1557486559257
0.0,0.0,0.27,1557486559326
0.0,0.0,0.27,1557486559392
